Test,N,Assisted_Mean,Assisted_SD,Assisted_Median,Unassisted_Mean,Unassisted_SD,Unassisted_Median,Statistic,P_Value,Significant,Alternative
H4: Flow Total (Assisted > Unassisted),14,48.357142857142854,5.9304577960162295,48.5,45.57142857142857,4.925823409719056,46.5,68.0,0.057536187532016135,False,greater
H5: Perceived Performance (Assisted < Unassisted),14,44.642857142857146,25.53009428665931,50.0,52.142857142857146,21.004970630990922,52.5,31.0,0.08764801417852103,False,less
H6: IPQ Realism (Assisted < Unassisted),14,4.357142857142857,0.9840765180648268,4.25,4.732142857142857,0.6464718278284246,4.625,15.5,0.05922070478348342,False,less
H7a: Physical Demand (Assisted > Unassisted),14,22.857142857142858,16.374732612530444,27.5,23.571428571428573,22.653626932277607,20.0,16.5,0.5836893985833939,False,greater
H7b: Frustration (Assisted < Unassisted),14,12.5,18.054404960051674,10.0,14.642857142857142,17.916932871350596,10.0,17.5,0.47191894361947345,False,less
Mental Demand (two-sided),14,23.928571428571427,24.898144156092886,10.0,23.214285714285715,27.56859576633298,10.0,14.0,0.30922354189344303,False,two-sided
SUS Score (Assisted) - Descriptive Only,14,88.21428571428571,8.684013352827591,90.0,,,,,,False,N/A
