metric,unit,n_participants,mean_improvement,std_improvement,median_improvement,min_improvement,max_improvement,improvement_percent,test,statistic,p_value,significant,cohens_d,effect_size
Average Head Angular Speed,rad/s,13,0.22700750923467158,0.4709909980451425,0.08070442685456003,-0.36158867854652255,1.1868478342989028,21.666471517250876,One-sample t-test (one-tailed: improvement > 0),1.669622312638879,0.060425871741808225,False,0.48197844582353117,small
Cumulative Head Rotation,rad,13,4.271863622822035,8.955553792990186,1.390759291629454,-6.003104959965061,25.708652275672428,23.936801929870846,One-sample t-test (one-tailed: improvement > 0),1.6524014056002942,0.06217875426719829,False,0.4770071981663229,small
Cumulative Vertical Rotation (Pitch),rad,13,2.9360546028230683,7.126845165344776,-0.49048418284468553,-6.47679847970517,17.575592510139536,21.08131484929118,One-sample t-test (one-tailed: improvement > 0),1.4271099281388688,0.08952393243452761,False,0.4119711505870817,small
Cumulative Horizontal Rotation (Yaw),rad,13,4.811522334092266,9.614313760786258,4.415895054723208,-9.38009059953481,27.876402239966076,29.410422197827536,One-sample t-test (one-tailed: improvement > 0),1.7336237097630691,0.054288222102240165,False,0.5004540577526128,medium
Viewing Sphere Coverage,%,13,0.09921314460746809,0.35258129279716405,0.16372964670271495,-0.7402832353234019,0.8633047445933226,6.910358844175887,One-sample t-test (one-tailed: improvement > 0),0.97476644818857,0.17445854752586332,False,0.28139083562934314,small
Viewing Sphere Coverage (with FOV),%,13,8.550293760128728,17.163821139023725,9.327091528970428,-33.795293163366,42.22268475226025,11.635907045557575,One-sample t-test (one-tailed: improvement > 0),1.7256697203061697,0.055019548396961056,False,0.49815793877557657,small
